-- Adminer 4.8.1 MySQL 8.0.28-0ubuntu0.20.04.3 dump

SET NAMES utf8;
SET time_zone = '+00:00';
SET foreign_key_checks = 0;
SET sql_mode = 'NO_AUTO_VALUE_ON_ZERO';

DROP TABLE IF EXISTS `auth_assignment`;
CREATE TABLE `auth_assignment` (
  `item_name` varchar(64) CHARACTER SET utf8 COLLATE utf8_unicode_ci NOT NULL,
  `user_id` varchar(64) CHARACTER SET utf8 COLLATE utf8_unicode_ci NOT NULL,
  `created_at` int DEFAULT NULL,
  PRIMARY KEY (`item_name`,`user_id`),
  KEY `idx-auth_assignment-user_id` (`user_id`),
  CONSTRAINT `auth_assignment_ibfk_1` FOREIGN KEY (`item_name`) REFERENCES `auth_item` (`name`) ON DELETE CASCADE ON UPDATE CASCADE
) ENGINE=InnoDB DEFAULT CHARSET=utf8mb3 COLLATE=utf8_unicode_ci;

INSERT INTO `auth_assignment` (`item_name`, `user_id`, `created_at`) VALUES
('Developer',	'1',	1652239995);

DROP TABLE IF EXISTS `auth_item`;
CREATE TABLE `auth_item` (
  `name` varchar(64) CHARACTER SET utf8 COLLATE utf8_unicode_ci NOT NULL,
  `type` smallint NOT NULL,
  `description` text CHARACTER SET utf8 COLLATE utf8_unicode_ci,
  `rule_name` varchar(64) CHARACTER SET utf8 COLLATE utf8_unicode_ci DEFAULT NULL,
  `data` blob,
  `created_at` int DEFAULT NULL,
  `updated_at` int DEFAULT NULL,
  PRIMARY KEY (`name`),
  KEY `rule_name` (`rule_name`),
  KEY `idx-auth_item-type` (`type`),
  CONSTRAINT `auth_item_ibfk_1` FOREIGN KEY (`rule_name`) REFERENCES `auth_rule` (`name`) ON DELETE SET NULL ON UPDATE CASCADE
) ENGINE=InnoDB DEFAULT CHARSET=utf8mb3 COLLATE=utf8_unicode_ci;

INSERT INTO `auth_item` (`name`, `type`, `description`, `rule_name`, `data`, `created_at`, `updated_at`) VALUES
('/*',	2,	NULL,	NULL,	NULL,	1655522330,	1655522330),
('/admin/*',	2,	NULL,	NULL,	NULL,	1652239626,	1652239626),
('/admin/assignment/*',	2,	NULL,	NULL,	NULL,	1652239623,	1652239623),
('/admin/assignment/assign',	2,	NULL,	NULL,	NULL,	1652239623,	1652239623),
('/admin/assignment/index',	2,	NULL,	NULL,	NULL,	1652239623,	1652239623),
('/admin/assignment/revoke',	2,	NULL,	NULL,	NULL,	1652239623,	1652239623),
('/admin/assignment/view',	2,	NULL,	NULL,	NULL,	1652239623,	1652239623),
('/admin/default/*',	2,	NULL,	NULL,	NULL,	1652239624,	1652239624),
('/admin/default/index',	2,	NULL,	NULL,	NULL,	1652239624,	1652239624),
('/admin/menu/*',	2,	NULL,	NULL,	NULL,	1652239624,	1652239624),
('/admin/menu/create',	2,	NULL,	NULL,	NULL,	1652239624,	1652239624),
('/admin/menu/delete',	2,	NULL,	NULL,	NULL,	1652239624,	1652239624),
('/admin/menu/index',	2,	NULL,	NULL,	NULL,	1652239624,	1652239624),
('/admin/menu/update',	2,	NULL,	NULL,	NULL,	1652239624,	1652239624),
('/admin/menu/view',	2,	NULL,	NULL,	NULL,	1652239624,	1652239624),
('/admin/permission/*',	2,	NULL,	NULL,	NULL,	1652239624,	1652239624),
('/admin/permission/assign',	2,	NULL,	NULL,	NULL,	1652239624,	1652239624),
('/admin/permission/create',	2,	NULL,	NULL,	NULL,	1652239624,	1652239624),
('/admin/permission/delete',	2,	NULL,	NULL,	NULL,	1652239624,	1652239624),
('/admin/permission/get-users',	2,	NULL,	NULL,	NULL,	1652239624,	1652239624),
('/admin/permission/index',	2,	NULL,	NULL,	NULL,	1652239624,	1652239624),
('/admin/permission/remove',	2,	NULL,	NULL,	NULL,	1652239624,	1652239624),
('/admin/permission/update',	2,	NULL,	NULL,	NULL,	1652239624,	1652239624),
('/admin/permission/view',	2,	NULL,	NULL,	NULL,	1652239624,	1652239624),
('/admin/role/*',	2,	NULL,	NULL,	NULL,	1652239625,	1652239625),
('/admin/role/assign',	2,	NULL,	NULL,	NULL,	1652239624,	1652239624),
('/admin/role/create',	2,	NULL,	NULL,	NULL,	1652239624,	1652239624),
('/admin/role/delete',	2,	NULL,	NULL,	NULL,	1652239624,	1652239624),
('/admin/role/get-users',	2,	NULL,	NULL,	NULL,	1652239625,	1652239625),
('/admin/role/index',	2,	NULL,	NULL,	NULL,	1652239624,	1652239624),
('/admin/role/remove',	2,	NULL,	NULL,	NULL,	1652239625,	1652239625),
('/admin/role/update',	2,	NULL,	NULL,	NULL,	1652239624,	1652239624),
('/admin/role/view',	2,	NULL,	NULL,	NULL,	1652239624,	1652239624),
('/admin/route/*',	2,	NULL,	NULL,	NULL,	1652239625,	1652239625),
('/admin/route/assign',	2,	NULL,	NULL,	NULL,	1652239625,	1652239625),
('/admin/route/create',	2,	NULL,	NULL,	NULL,	1652239625,	1652239625),
('/admin/route/index',	2,	NULL,	NULL,	NULL,	1652239625,	1652239625),
('/admin/route/refresh',	2,	NULL,	NULL,	NULL,	1652239625,	1652239625),
('/admin/route/remove',	2,	NULL,	NULL,	NULL,	1652239625,	1652239625),
('/admin/rule/*',	2,	NULL,	NULL,	NULL,	1652239626,	1652239626),
('/admin/rule/create',	2,	NULL,	NULL,	NULL,	1652239625,	1652239625),
('/admin/rule/delete',	2,	NULL,	NULL,	NULL,	1652239625,	1652239625),
('/admin/rule/index',	2,	NULL,	NULL,	NULL,	1652239625,	1652239625),
('/admin/rule/update',	2,	NULL,	NULL,	NULL,	1652239625,	1652239625),
('/admin/rule/view',	2,	NULL,	NULL,	NULL,	1652239625,	1652239625),
('/admin/user/*',	2,	NULL,	NULL,	NULL,	1652239626,	1652239626),
('/admin/user/activate',	2,	NULL,	NULL,	NULL,	1652239626,	1652239626),
('/admin/user/change-password',	2,	NULL,	NULL,	NULL,	1652239626,	1652239626),
('/admin/user/delete',	2,	NULL,	NULL,	NULL,	1652239626,	1652239626),
('/admin/user/index',	2,	NULL,	NULL,	NULL,	1652239626,	1652239626),
('/admin/user/login',	2,	NULL,	NULL,	NULL,	1652239626,	1652239626),
('/admin/user/logout',	2,	NULL,	NULL,	NULL,	1652239626,	1652239626),
('/admin/user/request-password-reset',	2,	NULL,	NULL,	NULL,	1652239626,	1652239626),
('/admin/user/reset-password',	2,	NULL,	NULL,	NULL,	1652239626,	1652239626),
('/admin/user/signup',	2,	NULL,	NULL,	NULL,	1652239626,	1652239626),
('/admin/user/view',	2,	NULL,	NULL,	NULL,	1652239626,	1652239626),
('/artikel/*',	2,	NULL,	NULL,	NULL,	1660978171,	1660978171),
('/artikel/bulk-delete',	2,	NULL,	NULL,	NULL,	1660978171,	1660978171),
('/artikel/create',	2,	NULL,	NULL,	NULL,	1660978171,	1660978171),
('/artikel/delete',	2,	NULL,	NULL,	NULL,	1660978171,	1660978171),
('/artikel/index',	2,	NULL,	NULL,	NULL,	1660978171,	1660978171),
('/artikel/publish',	2,	NULL,	NULL,	NULL,	1678427250,	1678427250),
('/artikel/update',	2,	NULL,	NULL,	NULL,	1660978171,	1660978171),
('/artikel/uploadFoto',	2,	NULL,	NULL,	NULL,	1678427250,	1678427250),
('/artikel/view',	2,	NULL,	NULL,	NULL,	1660978171,	1660978171),
('/contact-form-eonni/*',	2,	NULL,	NULL,	NULL,	1655522329,	1655522329),
('/contact-form-eonni/bulk-delete',	2,	NULL,	NULL,	NULL,	1655522329,	1655522329),
('/contact-form-eonni/create',	2,	NULL,	NULL,	NULL,	1655522329,	1655522329),
('/contact-form-eonni/delete',	2,	NULL,	NULL,	NULL,	1655522329,	1655522329),
('/contact-form-eonni/index',	2,	NULL,	NULL,	NULL,	1655522329,	1655522329),
('/contact-form-eonni/update',	2,	NULL,	NULL,	NULL,	1655522329,	1655522329),
('/contact-form-eonni/view',	2,	NULL,	NULL,	NULL,	1655522329,	1655522329),
('/debug/*',	2,	NULL,	NULL,	NULL,	1652239626,	1652239626),
('/debug/default/*',	2,	NULL,	NULL,	NULL,	1652239626,	1652239626),
('/debug/default/db-explain',	2,	NULL,	NULL,	NULL,	1652239626,	1652239626),
('/debug/default/download-mail',	2,	NULL,	NULL,	NULL,	1652239626,	1652239626),
('/debug/default/index',	2,	NULL,	NULL,	NULL,	1652239626,	1652239626),
('/debug/default/toolbar',	2,	NULL,	NULL,	NULL,	1652239626,	1652239626),
('/debug/default/view',	2,	NULL,	NULL,	NULL,	1652239626,	1652239626),
('/debug/user/*',	2,	NULL,	NULL,	NULL,	1652239626,	1652239626),
('/debug/user/reset-identity',	2,	NULL,	NULL,	NULL,	1652239626,	1652239626),
('/debug/user/set-identity',	2,	NULL,	NULL,	NULL,	1652239626,	1652239626),
('/gii/*',	2,	NULL,	NULL,	NULL,	1652239627,	1652239627),
('/gii/default/*',	2,	NULL,	NULL,	NULL,	1652239627,	1652239627),
('/gii/default/action',	2,	NULL,	NULL,	NULL,	1652239627,	1652239627),
('/gii/default/diff',	2,	NULL,	NULL,	NULL,	1652239627,	1652239627),
('/gii/default/index',	2,	NULL,	NULL,	NULL,	1652239626,	1652239626),
('/gii/default/preview',	2,	NULL,	NULL,	NULL,	1652239627,	1652239627),
('/gii/default/view',	2,	NULL,	NULL,	NULL,	1652239627,	1652239627),
('/gridview/*',	2,	NULL,	NULL,	NULL,	1653894892,	1653894892),
('/gridview/export/*',	2,	NULL,	NULL,	NULL,	1653894892,	1653894892),
('/gridview/export/download',	2,	NULL,	NULL,	NULL,	1653894892,	1653894892),
('/gridview/grid-edited-row/*',	2,	NULL,	NULL,	NULL,	1654661608,	1654661608),
('/gridview/grid-edited-row/back',	2,	NULL,	NULL,	NULL,	1654661608,	1654661608),
('/guest/*',	2,	NULL,	NULL,	NULL,	1679383431,	1679383431),
('/guest/bulk-delete',	2,	NULL,	NULL,	NULL,	1679383431,	1679383431),
('/guest/create',	2,	NULL,	NULL,	NULL,	1679383431,	1679383431),
('/guest/delete',	2,	NULL,	NULL,	NULL,	1679383431,	1679383431),
('/guest/index',	2,	NULL,	NULL,	NULL,	1679383431,	1679383431),
('/guest/update',	2,	NULL,	NULL,	NULL,	1679383431,	1679383431),
('/guest/view',	2,	NULL,	NULL,	NULL,	1679383431,	1679383431),
('/jenis-layanan/*',	2,	NULL,	NULL,	NULL,	1654661608,	1654661608),
('/jenis-layanan/bulk-delete',	2,	NULL,	NULL,	NULL,	1654661608,	1654661608),
('/jenis-layanan/create',	2,	NULL,	NULL,	NULL,	1654661608,	1654661608),
('/jenis-layanan/delete',	2,	NULL,	NULL,	NULL,	1654661608,	1654661608),
('/jenis-layanan/index',	2,	NULL,	NULL,	NULL,	1654661608,	1654661608),
('/jenis-layanan/update',	2,	NULL,	NULL,	NULL,	1654661608,	1654661608),
('/jenis-layanan/view',	2,	NULL,	NULL,	NULL,	1654661608,	1654661608),
('/layanan-unggulan/*',	2,	NULL,	NULL,	NULL,	1653101757,	1653101757),
('/layanan-unggulan/bulk-delete',	2,	NULL,	NULL,	NULL,	1653101757,	1653101757),
('/layanan-unggulan/create',	2,	NULL,	NULL,	NULL,	1653101757,	1653101757),
('/layanan-unggulan/delete',	2,	NULL,	NULL,	NULL,	1653101757,	1653101757),
('/layanan-unggulan/detail-layanan',	2,	NULL,	NULL,	NULL,	1660978171,	1660978171),
('/layanan-unggulan/index',	2,	NULL,	NULL,	NULL,	1653101757,	1653101757),
('/layanan-unggulan/list',	2,	NULL,	NULL,	NULL,	1660978171,	1660978171),
('/layanan-unggulan/publish',	2,	NULL,	NULL,	NULL,	1660978171,	1660978171),
('/layanan-unggulan/update',	2,	NULL,	NULL,	NULL,	1653101757,	1653101757),
('/layanan-unggulan/update-order',	2,	NULL,	NULL,	NULL,	1660978171,	1660978171),
('/layanan-unggulan/view',	2,	NULL,	NULL,	NULL,	1653101757,	1653101757),
('/layanan/*',	2,	NULL,	NULL,	NULL,	1653101757,	1653101757),
('/layanan/bulk-delete',	2,	NULL,	NULL,	NULL,	1653101757,	1653101757),
('/layanan/create',	2,	NULL,	NULL,	NULL,	1653101757,	1653101757),
('/layanan/delete',	2,	NULL,	NULL,	NULL,	1653101757,	1653101757),
('/layanan/index',	2,	NULL,	NULL,	NULL,	1653101757,	1653101757),
('/layanan/update',	2,	NULL,	NULL,	NULL,	1653101757,	1653101757),
('/layanan/view',	2,	NULL,	NULL,	NULL,	1653101757,	1653101757),
('/product/*',	2,	NULL,	NULL,	NULL,	1653632189,	1653632189),
('/product/bulk-delete',	2,	NULL,	NULL,	NULL,	1653632189,	1653632189),
('/product/create',	2,	NULL,	NULL,	NULL,	1653632188,	1653632188),
('/product/delete',	2,	NULL,	NULL,	NULL,	1653632189,	1653632189),
('/product/index',	2,	NULL,	NULL,	NULL,	1653632188,	1653632188),
('/product/update',	2,	NULL,	NULL,	NULL,	1653632189,	1653632189),
('/product/view',	2,	NULL,	NULL,	NULL,	1653632188,	1653632188),
('/produk-favorit/*',	2,	NULL,	NULL,	NULL,	1679383432,	1679383432),
('/produk-favorit/bulk-delete',	2,	NULL,	NULL,	NULL,	1679383432,	1679383432),
('/produk-favorit/create',	2,	NULL,	NULL,	NULL,	1679383432,	1679383432),
('/produk-favorit/delete',	2,	NULL,	NULL,	NULL,	1679383432,	1679383432),
('/produk-favorit/index',	2,	NULL,	NULL,	NULL,	1679383432,	1679383432),
('/produk-favorit/update',	2,	NULL,	NULL,	NULL,	1679383432,	1679383432),
('/produk-favorit/view',	2,	NULL,	NULL,	NULL,	1679383432,	1679383432),
('/produk-images/*',	2,	NULL,	NULL,	NULL,	1679558979,	1679558979),
('/produk-images/bulk-delete',	2,	NULL,	NULL,	NULL,	1679558979,	1679558979),
('/produk-images/create',	2,	NULL,	NULL,	NULL,	1679558979,	1679558979),
('/produk-images/delete',	2,	NULL,	NULL,	NULL,	1679558979,	1679558979),
('/produk-images/index',	2,	NULL,	NULL,	NULL,	1679558979,	1679558979),
('/produk-images/update',	2,	NULL,	NULL,	NULL,	1679558979,	1679558979),
('/produk-images/view',	2,	NULL,	NULL,	NULL,	1679558979,	1679558979),
('/produk-kategori/*',	2,	NULL,	NULL,	NULL,	1679383432,	1679383432),
('/produk-kategori/bulk-delete',	2,	NULL,	NULL,	NULL,	1679383432,	1679383432),
('/produk-kategori/create',	2,	NULL,	NULL,	NULL,	1679383432,	1679383432),
('/produk-kategori/delete',	2,	NULL,	NULL,	NULL,	1679383432,	1679383432),
('/produk-kategori/index',	2,	NULL,	NULL,	NULL,	1679383432,	1679383432),
('/produk-kategori/update',	2,	NULL,	NULL,	NULL,	1679383432,	1679383432),
('/produk-kategori/view',	2,	NULL,	NULL,	NULL,	1679383432,	1679383432),
('/produk-layanan/*',	2,	NULL,	NULL,	NULL,	1679383432,	1679383432),
('/produk-layanan/bulk-delete',	2,	NULL,	NULL,	NULL,	1679383432,	1679383432),
('/produk-layanan/create',	2,	NULL,	NULL,	NULL,	1679383432,	1679383432),
('/produk-layanan/delete',	2,	NULL,	NULL,	NULL,	1679383432,	1679383432),
('/produk-layanan/index',	2,	NULL,	NULL,	NULL,	1679383432,	1679383432),
('/produk-layanan/update',	2,	NULL,	NULL,	NULL,	1679383432,	1679383432),
('/produk-layanan/view',	2,	NULL,	NULL,	NULL,	1679383432,	1679383432),
('/produk-packages/*',	2,	NULL,	NULL,	NULL,	1679538444,	1679538444),
('/produk-packages/bulk-delete',	2,	NULL,	NULL,	NULL,	1679538444,	1679538444),
('/produk-packages/create',	2,	NULL,	NULL,	NULL,	1679538444,	1679538444),
('/produk-packages/delete',	2,	NULL,	NULL,	NULL,	1679538444,	1679538444),
('/produk-packages/index',	2,	NULL,	NULL,	NULL,	1679538444,	1679538444),
('/produk-packages/update',	2,	NULL,	NULL,	NULL,	1679538444,	1679538444),
('/produk-packages/view',	2,	NULL,	NULL,	NULL,	1679538444,	1679538444),
('/produk/*',	2,	NULL,	NULL,	NULL,	1679383432,	1679383432),
('/produk/bulk-delete',	2,	NULL,	NULL,	NULL,	1679383432,	1679383432),
('/produk/create',	2,	NULL,	NULL,	NULL,	1679383431,	1679383431),
('/produk/delete',	2,	NULL,	NULL,	NULL,	1679383432,	1679383432),
('/produk/index',	2,	NULL,	NULL,	NULL,	1679383431,	1679383431),
('/produk/update',	2,	NULL,	NULL,	NULL,	1679383431,	1679383431),
('/produk/uploadFoto',	2,	NULL,	NULL,	NULL,	1679558979,	1679558979),
('/produk/view',	2,	NULL,	NULL,	NULL,	1679383431,	1679383431),
('/promo/*',	2,	NULL,	NULL,	NULL,	1678427250,	1678427250),
('/promo/bulk-delete',	2,	NULL,	NULL,	NULL,	1678427250,	1678427250),
('/promo/create',	2,	NULL,	NULL,	NULL,	1678427250,	1678427250),
('/promo/delete',	2,	NULL,	NULL,	NULL,	1678427250,	1678427250),
('/promo/index',	2,	NULL,	NULL,	NULL,	1678427250,	1678427250),
('/promo/update',	2,	NULL,	NULL,	NULL,	1678427250,	1678427250),
('/promo/view',	2,	NULL,	NULL,	NULL,	1678427250,	1678427250),
('/site/*',	2,	NULL,	NULL,	NULL,	1652239627,	1652239627),
('/site/about',	2,	NULL,	NULL,	NULL,	1652239627,	1652239627),
('/site/captcha',	2,	NULL,	NULL,	NULL,	1652239627,	1652239627),
('/site/contact',	2,	NULL,	NULL,	NULL,	1652239627,	1652239627),
('/site/detail-product',	2,	NULL,	NULL,	NULL,	1653103224,	1653103224),
('/site/detail-service',	2,	NULL,	NULL,	NULL,	1653632189,	1653632189),
('/site/eng',	2,	NULL,	NULL,	NULL,	1652503156,	1652503156),
('/site/error',	2,	NULL,	NULL,	NULL,	1652239627,	1652239627),
('/site/event',	2,	NULL,	NULL,	NULL,	1678868772,	1678868772),
('/site/faq',	2,	NULL,	NULL,	NULL,	1678868772,	1678868772),
('/site/generate-key',	2,	NULL,	NULL,	NULL,	1654139262,	1654139262),
('/site/history',	2,	NULL,	NULL,	NULL,	1680255537,	1680255537),
('/site/idn',	2,	NULL,	NULL,	NULL,	1652503156,	1652503156),
('/site/index',	2,	NULL,	NULL,	NULL,	1652239627,	1652239627),
('/site/login',	2,	NULL,	NULL,	NULL,	1652239627,	1652239627),
('/site/logout',	2,	NULL,	NULL,	NULL,	1652239627,	1652239627),
('/site/product',	2,	NULL,	NULL,	NULL,	1653101757,	1653101757),
('/site/product-detail',	2,	NULL,	NULL,	NULL,	1679640071,	1679640071),
('/site/produk-detail',	2,	NULL,	NULL,	NULL,	1680057703,	1680057703),
('/site/promo',	2,	NULL,	NULL,	NULL,	1667022172,	1667022172),
('/site/read-events',	2,	NULL,	NULL,	NULL,	1678427250,	1678427250),
('/site/search',	2,	NULL,	NULL,	NULL,	1680322018,	1680322018),
('/site/service',	2,	NULL,	NULL,	NULL,	1653279254,	1653279254),
('/site/shop',	2,	NULL,	NULL,	NULL,	1678866035,	1678866035),
('/site/shop-detail',	2,	NULL,	NULL,	NULL,	1678866035,	1678866035),
('/site/skin',	2,	NULL,	NULL,	NULL,	1679630518,	1679630518),
('/site/skin-solution',	2,	NULL,	NULL,	NULL,	1679630857,	1679630857),
('/site/story',	2,	NULL,	NULL,	NULL,	1680255537,	1680255537),
('/site/tes',	2,	NULL,	NULL,	NULL,	1678427250,	1678427250),
('/site/vpromo',	2,	NULL,	NULL,	NULL,	1667022172,	1667022172),
('/tags/*',	2,	NULL,	NULL,	NULL,	1653894892,	1653894892),
('/tags/bulk-delete',	2,	NULL,	NULL,	NULL,	1653894892,	1653894892),
('/tags/create',	2,	NULL,	NULL,	NULL,	1653894892,	1653894892),
('/tags/delete',	2,	NULL,	NULL,	NULL,	1653894892,	1653894892),
('/tags/index',	2,	NULL,	NULL,	NULL,	1653894892,	1653894892),
('/tags/update',	2,	NULL,	NULL,	NULL,	1653894892,	1653894892),
('/tags/view',	2,	NULL,	NULL,	NULL,	1653894892,	1653894892),
('/treatment/*',	2,	NULL,	NULL,	NULL,	1653632189,	1653632189),
('/treatment/bulk-delete',	2,	NULL,	NULL,	NULL,	1653632189,	1653632189),
('/treatment/create',	2,	NULL,	NULL,	NULL,	1653632189,	1653632189),
('/treatment/delete',	2,	NULL,	NULL,	NULL,	1653632189,	1653632189),
('/treatment/index',	2,	NULL,	NULL,	NULL,	1653632189,	1653632189),
('/treatment/publish',	2,	NULL,	NULL,	NULL,	1655522330,	1655522330),
('/treatment/services-form',	2,	NULL,	NULL,	NULL,	1659606295,	1659606295),
('/treatment/tag-service',	2,	NULL,	NULL,	NULL,	1659606295,	1659606295),
('/treatment/tags-form',	2,	NULL,	NULL,	NULL,	1659606295,	1659606295),
('/treatment/update',	2,	NULL,	NULL,	NULL,	1653632189,	1653632189),
('/treatment/uploadFoto',	2,	NULL,	NULL,	NULL,	1653894892,	1653894892),
('/treatment/view',	2,	NULL,	NULL,	NULL,	1653632189,	1653632189),
('/user/*',	2,	NULL,	NULL,	NULL,	1652239627,	1652239627),
('/user/admin-reset-password',	2,	NULL,	NULL,	NULL,	1655522330,	1655522330),
('/user/bulk-delete',	2,	NULL,	NULL,	NULL,	1652239627,	1652239627),
('/user/change-password',	2,	NULL,	NULL,	NULL,	1652239627,	1652239627),
('/user/create',	2,	NULL,	NULL,	NULL,	1652239627,	1652239627),
('/user/delete',	2,	NULL,	NULL,	NULL,	1652239627,	1652239627),
('/user/index',	2,	NULL,	NULL,	NULL,	1652239627,	1652239627),
('/user/set-password-cadangan',	2,	NULL,	NULL,	NULL,	1655522330,	1655522330),
('/user/signup',	2,	NULL,	NULL,	NULL,	1655522330,	1655522330),
('/user/status-role',	2,	NULL,	NULL,	NULL,	1655522330,	1655522330),
('/user/update',	2,	NULL,	NULL,	NULL,	1652239627,	1652239627),
('/user/uploadPhoto',	2,	NULL,	NULL,	NULL,	1655522330,	1655522330),
('/user/view',	2,	NULL,	NULL,	NULL,	1652239627,	1652239627),
('Admin Website',	2,	NULL,	NULL,	NULL,	1655274361,	1655274361),
('Developer',	2,	NULL,	NULL,	NULL,	1652239705,	1660978205),
('Guest',	2,	NULL,	NULL,	NULL,	1652239714,	1680255544),
('Super Admin',	2,	NULL,	NULL,	NULL,	1655274321,	1655274321),
('View Website',	1,	NULL,	NULL,	NULL,	1652240669,	1652240669);

DROP TABLE IF EXISTS `auth_item_child`;
CREATE TABLE `auth_item_child` (
  `parent` varchar(64) CHARACTER SET utf8 COLLATE utf8_unicode_ci NOT NULL,
  `child` varchar(64) CHARACTER SET utf8 COLLATE utf8_unicode_ci NOT NULL,
  PRIMARY KEY (`parent`,`child`),
  KEY `child` (`child`),
  CONSTRAINT `auth_item_child_ibfk_1` FOREIGN KEY (`parent`) REFERENCES `auth_item` (`name`) ON DELETE CASCADE ON UPDATE CASCADE,
  CONSTRAINT `auth_item_child_ibfk_2` FOREIGN KEY (`child`) REFERENCES `auth_item` (`name`) ON DELETE CASCADE ON UPDATE CASCADE
) ENGINE=InnoDB DEFAULT CHARSET=utf8mb3 COLLATE=utf8_unicode_ci;

INSERT INTO `auth_item_child` (`parent`, `child`) VALUES
('Developer',	'/*'),
('Developer',	'/admin/*'),
('Developer',	'/admin/assignment/*'),
('Developer',	'/admin/assignment/assign'),
('Developer',	'/admin/assignment/index'),
('Developer',	'/admin/assignment/revoke'),
('Developer',	'/admin/assignment/view'),
('Developer',	'/admin/default/*'),
('Developer',	'/admin/default/index'),
('Developer',	'/admin/menu/*'),
('Developer',	'/admin/menu/create'),
('Developer',	'/admin/menu/delete'),
('Developer',	'/admin/menu/index'),
('Developer',	'/admin/menu/update'),
('Developer',	'/admin/menu/view'),
('Developer',	'/admin/permission/*'),
('Developer',	'/admin/permission/assign'),
('Developer',	'/admin/permission/create'),
('Developer',	'/admin/permission/delete'),
('Developer',	'/admin/permission/get-users'),
('Developer',	'/admin/permission/index'),
('Developer',	'/admin/permission/remove'),
('Developer',	'/admin/permission/update'),
('Developer',	'/admin/permission/view'),
('Developer',	'/admin/role/*'),
('Developer',	'/admin/role/assign'),
('Developer',	'/admin/role/create'),
('Developer',	'/admin/role/delete'),
('Developer',	'/admin/role/get-users'),
('Developer',	'/admin/role/index'),
('Developer',	'/admin/role/remove'),
('Developer',	'/admin/role/update'),
('Developer',	'/admin/role/view'),
('Developer',	'/admin/route/*'),
('Developer',	'/admin/route/assign'),
('Developer',	'/admin/route/create'),
('Developer',	'/admin/route/index'),
('Developer',	'/admin/route/refresh'),
('Developer',	'/admin/route/remove'),
('Developer',	'/admin/rule/*'),
('Developer',	'/admin/rule/create'),
('Developer',	'/admin/rule/delete'),
('Developer',	'/admin/rule/index'),
('Developer',	'/admin/rule/update'),
('Developer',	'/admin/rule/view'),
('Developer',	'/admin/user/*'),
('Developer',	'/admin/user/activate'),
('Developer',	'/admin/user/change-password'),
('Developer',	'/admin/user/delete'),
('Developer',	'/admin/user/index'),
('Developer',	'/admin/user/login'),
('Guest',	'/admin/user/login'),
('Developer',	'/admin/user/logout'),
('Guest',	'/admin/user/logout'),
('Developer',	'/admin/user/request-password-reset'),
('Developer',	'/admin/user/reset-password'),
('Developer',	'/admin/user/signup'),
('Developer',	'/admin/user/view'),
('Developer',	'/debug/*'),
('Developer',	'/debug/default/*'),
('Developer',	'/debug/default/db-explain'),
('Developer',	'/debug/default/download-mail'),
('Developer',	'/debug/default/index'),
('Developer',	'/debug/default/toolbar'),
('Developer',	'/debug/default/view'),
('Developer',	'/debug/user/*'),
('Developer',	'/debug/user/reset-identity'),
('Developer',	'/debug/user/set-identity'),
('Developer',	'/gii/*'),
('Developer',	'/gii/default/*'),
('Developer',	'/gii/default/action'),
('Developer',	'/gii/default/diff'),
('Developer',	'/gii/default/index'),
('Developer',	'/gii/default/preview'),
('Developer',	'/gii/default/view'),
('Developer',	'/gridview/*'),
('Developer',	'/gridview/export/*'),
('Developer',	'/gridview/export/download'),
('Developer',	'/gridview/grid-edited-row/*'),
('Developer',	'/gridview/grid-edited-row/back'),
('Developer',	'/jenis-layanan/*'),
('Developer',	'/jenis-layanan/bulk-delete'),
('Developer',	'/jenis-layanan/create'),
('Developer',	'/jenis-layanan/delete'),
('Developer',	'/jenis-layanan/index'),
('Developer',	'/jenis-layanan/update'),
('Developer',	'/jenis-layanan/view'),
('Developer',	'/layanan-unggulan/*'),
('Developer',	'/layanan-unggulan/bulk-delete'),
('Developer',	'/layanan-unggulan/create'),
('Developer',	'/layanan-unggulan/delete'),
('Developer',	'/layanan-unggulan/index'),
('Developer',	'/layanan-unggulan/update'),
('Developer',	'/layanan-unggulan/view'),
('Developer',	'/layanan/*'),
('Developer',	'/layanan/bulk-delete'),
('Developer',	'/layanan/create'),
('Developer',	'/layanan/delete'),
('Developer',	'/layanan/index'),
('Developer',	'/layanan/update'),
('Developer',	'/layanan/view'),
('Developer',	'/product/*'),
('Developer',	'/product/bulk-delete'),
('Developer',	'/product/create'),
('Developer',	'/product/delete'),
('Developer',	'/product/index'),
('Developer',	'/product/update'),
('Developer',	'/product/view'),
('Developer',	'/site/*'),
('Developer',	'/site/about'),
('Guest',	'/site/about'),
('Developer',	'/site/captcha'),
('Guest',	'/site/captcha'),
('Developer',	'/site/contact'),
('Guest',	'/site/contact'),
('Developer',	'/site/detail-product'),
('Guest',	'/site/detail-product'),
('Developer',	'/site/detail-service'),
('Guest',	'/site/detail-service'),
('Developer',	'/site/eng'),
('Guest',	'/site/eng'),
('Developer',	'/site/error'),
('Guest',	'/site/error'),
('Guest',	'/site/event'),
('Guest',	'/site/faq'),
('Developer',	'/site/generate-key'),
('Guest',	'/site/history'),
('Developer',	'/site/idn'),
('Guest',	'/site/idn'),
('Developer',	'/site/index'),
('Guest',	'/site/index'),
('Developer',	'/site/login'),
('Guest',	'/site/login'),
('Developer',	'/site/logout'),
('Guest',	'/site/logout'),
('Developer',	'/site/product'),
('Guest',	'/site/product'),
('Guest',	'/site/product-detail'),
('Guest',	'/site/produk-detail'),
('Guest',	'/site/promo'),
('Guest',	'/site/read-events'),
('Guest',	'/site/search'),
('Developer',	'/site/service'),
('Guest',	'/site/service'),
('Guest',	'/site/shop'),
('Guest',	'/site/shop-detail'),
('Guest',	'/site/skin'),
('Guest',	'/site/skin-solution'),
('Guest',	'/site/story'),
('Guest',	'/site/vpromo'),
('Developer',	'/tags/*'),
('Developer',	'/tags/bulk-delete'),
('Developer',	'/tags/create'),
('Developer',	'/tags/delete'),
('Developer',	'/tags/index'),
('Developer',	'/tags/update'),
('Developer',	'/tags/view'),
('Developer',	'/treatment/*'),
('Super Admin',	'/treatment/*'),
('Developer',	'/treatment/bulk-delete'),
('Super Admin',	'/treatment/bulk-delete'),
('Admin Website',	'/treatment/create'),
('Developer',	'/treatment/create'),
('Super Admin',	'/treatment/create'),
('Developer',	'/treatment/delete'),
('Super Admin',	'/treatment/delete'),
('Admin Website',	'/treatment/index'),
('Developer',	'/treatment/index'),
('Super Admin',	'/treatment/index'),
('Admin Website',	'/treatment/update'),
('Developer',	'/treatment/update'),
('Super Admin',	'/treatment/update'),
('Admin Website',	'/treatment/uploadFoto'),
('Developer',	'/treatment/uploadFoto'),
('Super Admin',	'/treatment/uploadFoto'),
('Admin Website',	'/treatment/view'),
('Developer',	'/treatment/view'),
('Super Admin',	'/treatment/view'),
('Developer',	'/user/*'),
('Developer',	'/user/bulk-delete'),
('Developer',	'/user/change-password'),
('Developer',	'/user/create'),
('Developer',	'/user/delete'),
('Developer',	'/user/index'),
('Developer',	'/user/update'),
('Developer',	'/user/view'),
('Admin Website',	'Guest'),
('Developer',	'Guest'),
('Super Admin',	'Guest'),
('View Website',	'Guest');

DROP TABLE IF EXISTS `auth_rule`;
CREATE TABLE `auth_rule` (
  `name` varchar(64) CHARACTER SET utf8 COLLATE utf8_unicode_ci NOT NULL,
  `data` blob,
  `created_at` int DEFAULT NULL,
  `updated_at` int DEFAULT NULL,
  PRIMARY KEY (`name`)
) ENGINE=InnoDB DEFAULT CHARSET=utf8mb3 COLLATE=utf8_unicode_ci;


DROP TABLE IF EXISTS `menu`;
CREATE TABLE `menu` (
  `id` int NOT NULL AUTO_INCREMENT,
  `name` varchar(128) NOT NULL,
  `parent` int DEFAULT NULL,
  `route` varchar(255) DEFAULT NULL,
  `order` int DEFAULT NULL,
  `data` blob,
  PRIMARY KEY (`id`),
  KEY `parent` (`parent`),
  CONSTRAINT `menu_ibfk_1` FOREIGN KEY (`parent`) REFERENCES `menu` (`id`) ON DELETE SET NULL ON UPDATE CASCADE
) ENGINE=InnoDB DEFAULT CHARSET=utf8mb3;

INSERT INTO `menu` (`id`, `name`, `parent`, `route`, `order`, `data`) VALUES
(1,	'Setting',	NULL,	NULL,	99,	NULL),
(2,	'Menu',	1,	'/admin/default/index',	NULL,	NULL),
(3,	'GII',	1,	'/gii/default/index',	NULL,	NULL),
(4,	'Dashboard',	NULL,	'/site/index',	0,	'dashboard'),
(7,	'Generate Key',	1,	'/site/generate-key',	99,	NULL),
(8,	'Add User',	NULL,	'/user/index',	6,	'user-plus'),
(11,	'Produk',	NULL,	NULL,	2,	'briefcase'),
(12,	'Tambah baru',	11,	'/produk/index',	1,	'edit'),
(13,	'Kategori',	11,	'/produk-kategori/index',	3,	'bars'),
(14,	'Skin Solution',	11,	'/produk-layanan/index',	4,	'diamond'),
(15,	'Packages',	11,	'/produk-packages/index',	2,	'cubes');

SET NAMES utf8mb4;

DROP TABLE IF EXISTS `migration`;
CREATE TABLE `migration` (
  `version` varchar(180) CHARACTER SET utf8mb4 COLLATE utf8mb4_general_ci NOT NULL,
  `apply_time` int DEFAULT NULL,
  PRIMARY KEY (`version`)
) ENGINE=InnoDB DEFAULT CHARSET=utf8mb4 COLLATE=utf8mb4_general_ci;

INSERT INTO `migration` (`version`, `apply_time`) VALUES
('m000000_000000_base',	1652150864),
('m140506_102106_rbac_init',	1652150879),
('m140602_111327_create_menu_table',	1652150867),
('m160312_050000_create_user',	1652150867),
('m170907_052038_rbac_add_index_on_auth_assignment_user_id',	1652150879),
('m180523_151638_rbac_updates_indexes_without_prefix',	1652150880),
('m200409_110543_rbac_update_mssql_trigger',	1652150880);

DROP TABLE IF EXISTS `tbl_contact_form`;
CREATE TABLE `tbl_contact_form` (
  `id` int NOT NULL AUTO_INCREMENT,
  `name` varchar(255) CHARACTER SET utf8mb4 COLLATE utf8mb4_general_ci DEFAULT NULL,
  `email` varchar(255) CHARACTER SET utf8mb4 COLLATE utf8mb4_general_ci DEFAULT NULL,
  `telp` varchar(255) CHARACTER SET utf8mb4 COLLATE utf8mb4_general_ci DEFAULT NULL,
  `subject` varchar(255) CHARACTER SET utf8mb4 COLLATE utf8mb4_general_ci DEFAULT NULL,
  `body` longtext CHARACTER SET utf8mb4 COLLATE utf8mb4_general_ci,
  `time` timestamp NULL DEFAULT NULL,
  `ip` text CHARACTER SET utf8mb4 COLLATE utf8mb4_general_ci,
  `session_id` text CHARACTER SET utf8mb4 COLLATE utf8mb4_general_ci,
  `http_user_agent` text CHARACTER SET utf8mb4 COLLATE utf8mb4_general_ci,
  `md5_ip_browser` text CHARACTER SET utf8mb4 COLLATE utf8mb4_general_ci,
  PRIMARY KEY (`id`)
) ENGINE=InnoDB DEFAULT CHARSET=utf8mb4 COLLATE=utf8mb4_general_ci;

INSERT INTO `tbl_contact_form` (`id`, `name`, `email`, `telp`, `subject`, `body`, `time`, `ip`, `session_id`, `http_user_agent`, `md5_ip_browser`) VALUES
(1,	'Susi Rama Nuryanti',	'susirama.kerja@gmail.com',	'082284626086',	'Tes',	'Tes',	'2022-06-10 08:33:10',	'110.232.80.155',	'490ca9d94e5115346a57cbffa3fa0f91',	'Mozilla/5.0 (Windows NT 10.0; Win64; x64) AppleWebKit/537.36 (KHTML, like Gecko) Chrome/102.0.0.0 Safari/537.36',	'8fa3a941a1b2e203b5659c0468c650eb'),
(2,	'Rn',	'susirama.kerja@gmail.com',	'085156516086',	'Tes',	'Tes Description',	'2022-10-12 07:10:10',	'110.232.80.155',	'ea7f3b3f87e471b1747d163a786fb18f',	'Mozilla/5.0 (Windows NT 10.0; Win64; x64) AppleWebKit/537.36 (KHTML, like Gecko) Chrome/106.0.0.0 Safari/537.36',	'ffc2bb326e42db7fad6ecb6c9c40b215');

DROP TABLE IF EXISTS `tbl_guest`;
CREATE TABLE `tbl_guest` (
  `id` int NOT NULL AUTO_INCREMENT,
  `ip` varchar(15) CHARACTER SET utf8 COLLATE utf8_general_ci DEFAULT NULL,
  `tanggal` timestamp NULL DEFAULT CURRENT_TIMESTAMP ON UPDATE CURRENT_TIMESTAMP,
  `http_user_agent` text CHARACTER SET utf8 COLLATE utf8_general_ci,
  `md5_ip_browser` text CHARACTER SET utf8mb4 COLLATE utf8mb4_unicode_ci,
  `session_id` text CHARACTER SET utf8mb4 COLLATE utf8mb4_unicode_ci,
  `updated_at` timestamp NOT NULL DEFAULT CURRENT_TIMESTAMP,
  `created_at` timestamp NOT NULL DEFAULT CURRENT_TIMESTAMP,
  PRIMARY KEY (`id`) USING BTREE
) ENGINE=InnoDB DEFAULT CHARSET=utf8mb4 COLLATE=utf8mb4_unicode_ci;

INSERT INTO `tbl_guest` (`id`, `ip`, `tanggal`, `http_user_agent`, `md5_ip_browser`, `session_id`, `updated_at`, `created_at`) VALUES
(1,	'::1',	'2023-04-13 03:32:01',	'Mozilla/5.0 (Windows NT 10.0; Win64; x64) AppleWebKit/537.36 (KHTML, like Gecko) Chrome/111.0.0.0 Safari/537.36',	'263236df46c1b7180e8ff1d9d2d71252',	'lbsr2du0tp907e9thjhdg508er',	'2023-04-13 03:32:01',	'2023-04-13 03:32:01');

DROP TABLE IF EXISTS `tbl_produk`;
CREATE TABLE `tbl_produk` (
  `id` int NOT NULL AUTO_INCREMENT,
  `id_kategori` varchar(255) CHARACTER SET utf8mb4 COLLATE utf8mb4_general_ci DEFAULT NULL,
  `id_layanan` varchar(255) CHARACTER SET utf8mb4 COLLATE utf8mb4_general_ci DEFAULT NULL,
  `name` varchar(255) CHARACTER SET utf8mb4 COLLATE utf8mb4_general_ci DEFAULT NULL,
  `label` varchar(255) CHARACTER SET utf8mb4 COLLATE utf8mb4_general_ci DEFAULT NULL,
  `description` longtext CHARACTER SET utf8mb4 COLLATE utf8mb4_general_ci,
  `cara_penggunaan` longtext CHARACTER SET utf8mb4 COLLATE utf8mb4_general_ci,
  `kandungan` longtext CHARACTER SET utf8mb4 COLLATE utf8mb4_general_ci,
  `name_en` varchar(255) CHARACTER SET utf8mb4 COLLATE utf8mb4_general_ci DEFAULT NULL,
  `label_en` varchar(255) CHARACTER SET utf8mb4 COLLATE utf8mb4_general_ci DEFAULT NULL,
  `description_en` longtext CHARACTER SET utf8mb4 COLLATE utf8mb4_general_ci,
  `cara_penggunaan_en` longtext CHARACTER SET utf8mb4 COLLATE utf8mb4_general_ci,
  `kandungan_en` longtext CHARACTER SET utf8mb4 COLLATE utf8mb4_general_ci,
  `image` text CHARACTER SET utf8mb4 COLLATE utf8mb4_general_ci,
  `mechine` varchar(255) CHARACTER SET utf8mb4 COLLATE utf8mb4_general_ci DEFAULT NULL,
  `chemical` varchar(255) CHARACTER SET utf8mb4 COLLATE utf8mb4_general_ci DEFAULT NULL,
  `order` int DEFAULT NULL,
  `price` decimal(10,2) DEFAULT NULL,
  `time` timestamp NULL DEFAULT CURRENT_TIMESTAMP ON UPDATE CURRENT_TIMESTAMP,
  `status` int DEFAULT '0',
  `status_diskon` int DEFAULT '0',
  `diskon` int DEFAULT NULL,
  `ranting` text CHARACTER SET utf8mb4 COLLATE utf8mb4_general_ci,
  `slug` varchar(255) CHARACTER SET utf8mb4 COLLATE utf8mb4_general_ci DEFAULT NULL,
  `status_bs` int DEFAULT '0',
  `for` text CHARACTER SET utf8mb4 COLLATE utf8mb4_general_ci,
  `skin` text CHARACTER SET utf8mb4 COLLATE utf8mb4_general_ci,
  PRIMARY KEY (`id`)
) ENGINE=InnoDB DEFAULT CHARSET=utf8mb4 COLLATE=utf8mb4_general_ci;

INSERT INTO `tbl_produk` (`id`, `id_kategori`, `id_layanan`, `name`, `label`, `description`, `cara_penggunaan`, `kandungan`, `name_en`, `label_en`, `description_en`, `cara_penggunaan_en`, `kandungan_en`, `image`, `mechine`, `chemical`, `order`, `price`, `time`, `status`, `status_diskon`, `diskon`, `ranting`, `slug`, `status_bs`, `for`, `skin`) VALUES
(8,	'2',	'1',	'Aqua Rich Pure Skin',	NULL,	'<p>[Main Ingredients] Sodium Hyaluronate, Glycyrrhiza Glabra (Licorice) Root Extract, Centella Asiatica Extract, Stem Cell Acvtivator (Patent no : 10-2009-0022894), Portulaca Oleracea Extract</p>\r\n\r\n<p>[Product Benefit]</p>\r\n\r\n<ul>\r\n	<li>High Moisturizing Formula with No Alcohol.</li>\r\n	<li>Helps to make the redness and itchiness go away and keep the skin clean</li>\r\n	<li>Provides nutrients and helps skin retain moisture to sensitive skin.</li>\r\n	<li>For dry and sensitive skin</li>\r\n	<li>Relieves itchiness and stress with moisturizing and cooling effect and cooling effect and keeps the skin healthy.</li>\r\n</ul>\r\n',	'<ul>\r\n	<li>Apply to your skin after cleansing, before serum or moisturizer</li>\r\n	<li>Moisten a cotton pad with the toner and wipe the face outwards from the center</li>\r\n	<li>For optimal absorption into your skin, soak cotton pads with the toner and let them sit on your cheeks for about 10 minutes</li>\r\n</ul>\r\n',	NULL,	NULL,	NULL,	NULL,	NULL,	NULL,	'web/uploads/produk/3436021679643049.jpg',	NULL,	NULL,	NULL,	NULL,	'2023-03-25 03:19:26',	1,	0,	NULL,	NULL,	NULL,	0,	'Day & Night',	'Normal skin, dry skin, sensitive skin, etc'),
(9,	'4',	'1',	'Aqua Rich Cream',	NULL,	'<p>[Main Ingredients] Ceramide NP, Sodium Hyaluronate, Althaea Rosea Flower Extract, Aloe Barbadensis Leaf Extract Centella Asiatica Extract.</p>\r\n\r\n<p>[Product Benefit]</p>\r\n\r\n<ul>\r\n	<li>High moisturizing lotion for dry, sensitive and trouble skin.</li>\r\n	<li>Helps to make the redness and itchiness go away and keep the skin clean.</li>\r\n	<li>Provides nutrients and helps skin retain moisture to sensitive skin</li>\r\n	<li>For dry and sensitive skin</li>\r\n	<li>Helps skin retain water and moisturized long time.</li>\r\n</ul>\r\n',	'<ul>\r\n	<li>After cleanser, toner, and essence, put adequate amount to hand</li>\r\n	<li>Apply gently over face</li>\r\n</ul>\r\n',	NULL,	NULL,	NULL,	NULL,	NULL,	NULL,	'web/uploads/produk/4833481679643063.jpg',	NULL,	NULL,	NULL,	NULL,	'2023-03-25 03:19:47',	1,	0,	NULL,	NULL,	NULL,	0,	'Day & Night',	'Normal skin, dry skin, sensitive skin etc'),
(10,	'2',	'2',	'Sebum Catcher Clear',	NULL,	'<p>[Main Ingredients] Aloe Barbadensis Leaf Water, Chamaecyparis Obtusa Water, Centella Asiatica Extract, Houttuynia Cordata Extract</p>\r\n\r\n<p>[Product Benefit]</p>\r\n\r\n<ul>\r\n	<li>Toner for oily skin and acne-prone skin</li>\r\n	<li>Controls exessive secretion of sebum and protects oily skin due to sebum.</li>\r\n	<li>Relieves itchiness and stress with moisturizing and cooling effect and keeps the skin healthy.</li>\r\n</ul>\r\n',	'<ul>\r\n	<li>After thoroughly cleanse your skin, put adequate amount of ssebum catcher onto your fingers</li>\r\n	<li>Gently apply the sebum control toner to your face</li>\r\n	<li>The skin toner is most effective when used in conjunction with face wash enzyme powder and AC gel</li>\r\n</ul>\r\n',	NULL,	NULL,	NULL,	NULL,	NULL,	NULL,	'web/uploads/produk/2188551679643177.jpg',	NULL,	NULL,	NULL,	NULL,	'2023-03-25 03:20:12',	1,	0,	NULL,	NULL,	NULL,	0,	'Day & NIght',	'Oily skin, acne skin, acne - prone skin, etc'),
(11,	'4',	'1',	'Derma Barrier Cream',	NULL,	'<p>[Main Ingredients] Squalene, Sodium Hyaluronate, Shea Butter, Evening Primrose Oil, Borago Officinalis Seed Oil, Centella Asiatica Extract, Ceramide NP.</p>\r\n\r\n<p><br />\r\n[Product Benefit]</p>\r\n\r\n<ul>\r\n	<li>Intensive Skin Barrier Formula for Psoriasis.</li>\r\n	<li>Helps to make the redness and itchiness go away and keep the skin clean.</li>\r\n	<li>Provides nutrients and helps skin retain moisture to sensitive skin.</li>\r\n	<li>For dry and sensitive skin</li>\r\n	<li>Relieves itchiness and stress with moisturizing and cooling effect and keeps the skin healthy.</li>\r\n</ul>\r\n',	'<ul>\r\n	<li>Apply to your face and pat smoothly</li>\r\n</ul>\r\n',	NULL,	NULL,	NULL,	NULL,	NULL,	NULL,	'web/uploads/produk/6267671679643319.jpg',	NULL,	NULL,	NULL,	NULL,	'2023-03-25 03:20:37',	1,	0,	NULL,	NULL,	NULL,	0,	'Day & Night',	'Dry Skin, atopic skin, sensitive skin, etc'),
(12,	'4',	'4',	'Rejuvenating Cream',	NULL,	'<p>[Main Ingredients] Adenosine, Sodium Hyaluronate, Ceramide NP, Proline, Natto Gum, Panthenol, Centella Asiatica Extract</p>\r\n\r\n<p>[Product Benefit]</p>\r\n\r\n<ul>\r\n	<li>Wrinkle Care and Skin Regeration Functional Cosmetic with Adenosine</li>\r\n	<li>\\Skin Elasticity Cream with Proline and Natto Gum</li>\r\n	<li>Non Greasy Nutrient Cream</li>\r\n</ul>\r\n',	'<ul>\r\n	<li>Take a pea-sized amount of the eye cream and massage around gently to absorb</li>\r\n	<li>Apply on crow&#39;s feet and around the eyes with an appropriate amount</li>\r\n</ul>\r\n',	NULL,	NULL,	NULL,	NULL,	NULL,	NULL,	'web/uploads/produk/9540901679643430.jpg',	NULL,	NULL,	NULL,	NULL,	'2023-03-25 03:20:55',	1,	0,	NULL,	NULL,	NULL,	0,	'Day & Night',	'Dry Skin, aging skin that has lost elasticity'),
(13,	'3',	'3',	'Ultra Vita C 7.5 Whitening Solution',	NULL,	'<p>[Main Ingredients] Ascorbic Acid (7.5%), Arbutin, Brassica Oleracea Italica (Broccoli) Extract</p>\r\n\r\n<p>[Product Benefit]</p>\r\n\r\n<ul>\r\n	<li>Skin Whitening Solution Formula with Ascorbic Acid 7.5% and Arbutin</li>\r\n	<li>Stabilization Technology of Ascorbic Acid.</li>\r\n	<li>High Concentrated Hypoallergic Ultra Whitening Formula with Ascorbic Acid.</li>\r\n</ul>\r\n',	'<ul>\r\n	<li>Apply after toner at night</li>\r\n</ul>\r\n',	NULL,	NULL,	NULL,	NULL,	NULL,	NULL,	'web/uploads/produk/2391011679643488.jpg',	NULL,	NULL,	NULL,	NULL,	'2023-03-25 03:21:14',	1,	0,	NULL,	NULL,	NULL,	0,	'Day & Night',	'Normal skin, pigmented skin, etc'),
(14,	'5',	'3',	'Brilliant BB Cream SPF 40, PA++',	NULL,	'<p>[Main Ingredients] Niacinamide, Adenosine, Zinc Oxide, Titanium Dioxide, Sodium Hyaluronate.</p>\r\n\r\n<p>[Product Benefit]</p>\r\n\r\n<ul>\r\n	<li>Triple Functional Product with UV Cut, Whitening and Wrinkle Care approved by KFDA.</li>\r\n	<li>Ultra Whitening and Wrinkle Care Formula.</li>\r\n	<li>Covers skin blemish.</li>\r\n	<li>Is a supple, lightweight formula with a hint of color you can use in place of foundation for a natural finish and a healthy illuminating complexion.</li>\r\n</ul>\r\n',	'<ul>\r\n	<li>Apply after basic skin care</li>\r\n</ul>\r\n',	NULL,	NULL,	NULL,	NULL,	NULL,	NULL,	'web/uploads/produk/3624721679643587.jpg',	NULL,	NULL,	NULL,	NULL,	'2023-03-25 03:21:31',	1,	0,	NULL,	NULL,	NULL,	0,	'Day',	'All skin ty;pe, natural tone up'),
(15,	'5',	'3',	'Ultra Sun Block Cream SPF 50+, PA+++',	NULL,	'<p>[Main Ingredients] Niacinamide, Adenosine, Zinc Oxide, Titanium Dioxide, Sodium Hyaluronate.</p>\r\n\r\n<p>[Product Benefit]</p>\r\n\r\n<ul>\r\n	<li>Triple Functional Product with UV Cut, Whitening and Wrinkle Care approved by KFDA.</li>\r\n	<li>Ultra Whitening and Wrinkle Care Formula.</li>\r\n	<li>Is a supple, lightweight formula with a hint of color you can use in place of foundation for a natural finish and a healthy illuminating complexion.</li>\r\n</ul>\r\n',	'<ul>\r\n	<li>Apply after moisturizing cream in the morning</li>\r\n</ul>\r\n',	NULL,	NULL,	NULL,	NULL,	NULL,	NULL,	'web/uploads/produk/9842081679643673.jpg',	NULL,	NULL,	NULL,	NULL,	'2023-03-25 03:21:48',	1,	0,	NULL,	NULL,	NULL,	0,	'Day',	'All skin type'),
(16,	'1',	'2',	'Face Wash Enzyme Powder',	NULL,	'<p>[Main Ingredients] Caruca Papaya (Papaya) Fruit Extract Papain, Glycine Soja (Soybean) Phytoplacenta Extract, Laminaria Japonica Extract</p>\r\n\r\n<p>[Product Benefit]</p>\r\n\r\n<ul>\r\n	<li>Powder Cleanser with Amino Acid Cleansing Agent.</li>\r\n	<li>The powder will dissolve even in cold water.</li>\r\n	<li>Contains natural enzymes of papain extracted from unripe papaya fruits of which help to eliminate dead keratins without skin irritation.</li>\r\n	<li>Is a powder cleanser for oily and acne-prone skin.</li>\r\n	<li>Removes impurities and helps maintain a clear and healthy looking skin.</li>\r\n</ul>\r\n',	'<ul>\r\n	<li>Place a small amount of the enzyme powder into the palm of your hand and add water</li>\r\n	<li>Rub the palms of your hands together to create a foam</li>\r\n	<li>Use the foam to cleanse your face and rinse off</li>\r\n</ul>\r\n',	NULL,	NULL,	NULL,	NULL,	NULL,	NULL,	'web/uploads/produk/3256041679643806.jpg',	NULL,	NULL,	NULL,	NULL,	'2023-03-25 03:22:05',	1,	0,	NULL,	NULL,	NULL,	0,	'Day & Night',	'Oily skin, acne skin, etc'),
(17,	'1',	'1',	'Aqua Rich Pure Cleanser',	NULL,	'<p>[Main Ingredients] Sodium Hyaluronate Aloe Barbadensis Leaf Extract, Centella Asiatica Extract, Natto Gum, Portulaca Oleracea Extract.</p>\r\n\r\n<p>[Product Benefit]</p>\r\n\r\n<ul>\r\n	<li>Foam Mousse Cleanser with Amino Acid Cleansing Agent.</li>\r\n	<li>Foam Mousse Weak Acid Cleansing Formula For Dry and Sensitive Skin.</li>\r\n	<li>Relieves flushing and irritation on contact while it nourishes and strengthens delicate, vulnerable skin.</li>\r\n	<li>Excellent Cleansing Effect.</li>\r\n	<li>Designed to thoroughly remove impurities without disturbing the skin&#39;s nature physiological balance.</li>\r\n</ul>\r\n',	'<ul>\r\n	<li>This cleanser is gentle enough for daily use on all skin type</li>\r\n	<li>Pump the desired amount of clarifying cleanser into your hands and massage into damp skin</li>\r\n	<li>Rinse the foam off with water, pat dry, and follow with toner, serum and moisturizer</li>\r\n</ul>\r\n',	NULL,	NULL,	NULL,	NULL,	NULL,	NULL,	'web/uploads/produk/9279851679643905.jpg',	NULL,	NULL,	NULL,	NULL,	'2023-03-25 03:22:25',	1,	0,	NULL,	NULL,	NULL,	0,	'Day & Night',	'Normal skin, dry skin, sensitive skin, etc'),
(18,	'4',	'1',	'Bluezulene Shining Velvet',	NULL,	'<p>[Main Ingredients] Adenosine, Niacinamide, Guaiazulene Ceramide NP, Hydrolyzed Collagen, Sodium Hyaluronate, Peptide Complex</p>\r\n\r\n<p>[Product Benefit]</p>\r\n\r\n<ul>\r\n	<li>Wrinkle and Whitening Care Functional Cosmetic.</li>\r\n	<li>Is a clear, revolutionary rejuvenating water cream which promotes skin to absord moisture, make the skin smooth and shiny and add skin-brightening ingredients up to your deep skin to improve your complexion.</li>\r\n	<li>Is the key ingredient in this anti-aging breakthrough formula to protect skin cells from stress and have proven through clinical research to protect and enhance the life span of human skin stem cells and promote a self-renewal capacity of the skin.</li>\r\n	<li>Promotes a self-renewal capacity of the skin.</li>\r\n</ul>\r\n',	'<ul>\r\n	<li>Apply after toner at night</li>\r\n</ul>\r\n',	NULL,	NULL,	NULL,	NULL,	NULL,	NULL,	'web/uploads/produk/7864351679644037.jpg',	NULL,	NULL,	NULL,	NULL,	'2023-03-25 03:22:49',	1,	0,	NULL,	NULL,	NULL,	0,	'Night',	'Normal skin, dry skin, sensitive skin, etc'),
(19,	'4',	'1',	'Cell Care Cream',	NULL,	'<p>[Main Ingredients] Glucosamine, Boswellia Carterii Resin Extract, Curcuma Longa (Turmeric) Root Extract, Harpaguphytum Procumbens Root Extract, Snail Secretion Filtrate.</p>\r\n\r\n<p>[Product Benefit]</p>\r\n\r\n<ul>\r\n	<li>Provides high relaxing function.</li>\r\n	<li>Helps to make the redness and itchiness go away and keep the skin clean.</li>\r\n	<li>Relieves itchiness and stress with moisturizing and cooling effect and keeps the skin healthy.</li>\r\n</ul>\r\n',	'<ul>\r\n	<li>Apply as needed</li>\r\n</ul>\r\n',	NULL,	NULL,	NULL,	NULL,	NULL,	NULL,	'web/uploads/produk/8066971679644272.jpg',	NULL,	NULL,	NULL,	NULL,	'2023-03-25 03:23:05',	1,	0,	NULL,	NULL,	NULL,	0,	'Day & Night',	'Dry skin, when the skin is stiff and needs softening'),
(20,	'3',	'4',	'BSF 12 Ampoule',	NULL,	'<p>[Main Ingredients] Human Stem Cell Conditioned Media, Niacinamide, Adenosine, Ceramide NP, Peptide Complex, Sodium DNA.</p>\r\n\r\n<p>[Product Benefit]</p>\r\n\r\n<ul>\r\n	<li>Intensive Aging, Whitening and Wrinkle Care Cosmetic.</li>\r\n	<li>Intensive Anti-Aging Care with 12 kinds of Peptide DNA and Stem Cell.</li>\r\n	<li>Human Stem Cell Conditioned Media: Provides Skin Elasticity and Vitality.</li>\r\n	<li>Plant Stem Cell Cultures: Provides Concentrated Nutrients.</li>\r\n</ul>\r\n',	'<ul>\r\n	<li>Open along the open mark on the lid. Pat to absorb after toner at night</li>\r\n</ul>\r\n',	NULL,	NULL,	NULL,	NULL,	NULL,	NULL,	'web/uploads/produk/3937811679644386.jpg',	NULL,	NULL,	NULL,	NULL,	'2023-03-25 03:23:18',	1,	0,	NULL,	NULL,	NULL,	0,	'Night',	'Normal skin, aging skin, skin that lost elasticity, etc');

DROP TABLE IF EXISTS `tbl_produk_favorit`;
CREATE TABLE `tbl_produk_favorit` (
  `id` int NOT NULL AUTO_INCREMENT,
  `id_produk` int NOT NULL COMMENT 'ID Produk',
  `id_guest` int DEFAULT NULL COMMENT 'ID User Guest',
  `id_user` int DEFAULT NULL COMMENT 'ID User Login',
  `tanggal` timestamp NULL DEFAULT CURRENT_TIMESTAMP ON UPDATE CURRENT_TIMESTAMP,
  `created_at` timestamp NULL DEFAULT CURRENT_TIMESTAMP,
  `updated_at` timestamp NULL DEFAULT CURRENT_TIMESTAMP,
  PRIMARY KEY (`id`) USING BTREE
) ENGINE=InnoDB DEFAULT CHARSET=utf8mb4 COLLATE=utf8mb4_unicode_ci;

INSERT INTO `tbl_produk_favorit` (`id`, `id_produk`, `id_guest`, `id_user`, `tanggal`, `created_at`, `updated_at`) VALUES
(1,	19,	1,	NULL,	'2023-04-13 03:44:20',	'2023-04-05 08:54:50',	'2023-04-05 08:54:50');

DROP TABLE IF EXISTS `tbl_produk_images`;
CREATE TABLE `tbl_produk_images` (
  `id` int NOT NULL AUTO_INCREMENT,
  `id_produk` int DEFAULT NULL,
  `foto` text CHARACTER SET utf8mb4 COLLATE utf8mb4_general_ci COMMENT 'ukuran 1 : 1',
  `created_at` timestamp NULL DEFAULT CURRENT_TIMESTAMP ON UPDATE CURRENT_TIMESTAMP,
  `updated_at` timestamp NULL DEFAULT NULL ON UPDATE CURRENT_TIMESTAMP,
  PRIMARY KEY (`id`)
) ENGINE=InnoDB DEFAULT CHARSET=utf8mb4 COLLATE=utf8mb4_general_ci;

INSERT INTO `tbl_produk_images` (`id`, `id_produk`, `foto`, `created_at`, `updated_at`) VALUES
(1,	5,	'web/uploads/produk/8944751679625280.png',	'2023-03-24 02:34:41',	NULL),
(2,	5,	'web/uploads/produk/1744601679625280.png',	'2023-03-24 02:34:41',	NULL),
(15,	1,	'web/uploads/produk/2009811679627279.jpg',	'2023-03-24 03:07:59',	NULL),
(16,	1,	'web/uploads/produk/8257301679627279.png',	'2023-03-24 03:07:59',	NULL),
(17,	1,	'web/uploads/produk/5102041679627279.png',	'2023-03-24 03:07:59',	NULL),
(18,	6,	'web/uploads/produk/8920201679637240.jpg',	'2023-03-24 05:54:00',	NULL),
(19,	6,	'web/uploads/produk/5763841679637240.jpg',	'2023-03-24 05:54:00',	NULL),
(20,	7,	'web/uploads/produk/2605571679637906.jpg',	'2023-03-24 06:05:06',	NULL),
(21,	7,	'web/uploads/produk/3730161679637906.jpg',	'2023-03-24 06:05:06',	NULL),
(22,	7,	'web/uploads/produk/8210481679637906.jpg',	'2023-03-24 06:05:06',	NULL),
(29,	8,	'web/uploads/produk/3436021679643049.jpg',	'2023-03-24 07:30:49',	NULL),
(30,	8,	'web/uploads/produk/4090171679643049.jpg',	'2023-03-24 07:30:49',	NULL),
(31,	8,	'web/uploads/produk/6015431679643049.jpg',	'2023-03-24 07:30:49',	NULL),
(32,	9,	'web/uploads/produk/4833481679643063.jpg',	'2023-03-24 07:31:03',	NULL),
(33,	9,	'web/uploads/produk/4697451679643063.jpg',	'2023-03-24 07:31:03',	NULL),
(34,	9,	'web/uploads/produk/1318981679643063.jpg',	'2023-03-24 07:31:03',	NULL),
(35,	10,	'web/uploads/produk/2188551679643177.jpg',	'2023-03-24 07:32:57',	NULL),
(36,	10,	'web/uploads/produk/9754481679643177.jpg',	'2023-03-24 07:32:57',	NULL),
(37,	10,	'web/uploads/produk/8794021679643177.jpg',	'2023-03-24 07:32:57',	NULL),
(38,	11,	'web/uploads/produk/6267671679643319.jpg',	'2023-03-24 07:35:19',	NULL),
(39,	11,	'web/uploads/produk/3167111679643319.jpg',	'2023-03-24 07:35:19',	NULL),
(40,	11,	'web/uploads/produk/8434221679643319.jpg',	'2023-03-24 07:35:19',	NULL),
(41,	12,	'web/uploads/produk/9540901679643430.jpg',	'2023-03-24 07:37:10',	NULL),
(42,	12,	'web/uploads/produk/6924651679643430.jpg',	'2023-03-24 07:37:10',	NULL),
(43,	12,	'web/uploads/produk/4370091679643430.jpg',	'2023-03-24 07:37:10',	NULL),
(44,	13,	'web/uploads/produk/2391011679643488.jpg',	'2023-03-24 07:38:08',	NULL),
(45,	13,	'web/uploads/produk/8838691679643488.jpg',	'2023-03-24 07:38:08',	NULL),
(46,	13,	'web/uploads/produk/6534901679643488.jpg',	'2023-03-24 07:38:08',	NULL),
(47,	14,	'web/uploads/produk/3624721679643587.jpg',	'2023-03-24 07:39:47',	NULL),
(48,	14,	'web/uploads/produk/7318441679643587.jpg',	'2023-03-24 07:39:47',	NULL),
(49,	14,	'web/uploads/produk/1838771679643587.jpg',	'2023-03-24 07:39:47',	NULL),
(50,	15,	'web/uploads/produk/9842081679643673.jpg',	'2023-03-24 07:41:13',	NULL),
(51,	15,	'web/uploads/produk/8273061679643673.jpg',	'2023-03-24 07:41:13',	NULL),
(52,	15,	'web/uploads/produk/7511451679643673.jpg',	'2023-03-24 07:41:13',	NULL),
(53,	16,	'web/uploads/produk/3256041679643806.jpg',	'2023-03-24 07:43:26',	NULL),
(54,	16,	'web/uploads/produk/6188441679643806.jpg',	'2023-03-24 07:43:27',	NULL),
(55,	16,	'web/uploads/produk/9457831679643806.jpg',	'2023-03-24 07:43:27',	NULL),
(56,	17,	'web/uploads/produk/9279851679643905.jpg',	'2023-03-24 07:45:05',	NULL),
(57,	17,	'web/uploads/produk/3905791679643905.jpg',	'2023-03-24 07:45:05',	NULL),
(58,	17,	'web/uploads/produk/7193351679643905.jpg',	'2023-03-24 07:45:05',	NULL),
(59,	18,	'web/uploads/produk/7864351679644037.jpg',	'2023-03-24 07:47:17',	NULL),
(60,	18,	'web/uploads/produk/1709001679644037.jpg',	'2023-03-24 07:47:17',	NULL),
(61,	18,	'web/uploads/produk/7590141679644037.jpg',	'2023-03-24 07:47:17',	NULL),
(62,	19,	'web/uploads/produk/8066971679644272.jpg',	'2023-03-24 07:51:12',	NULL),
(63,	19,	'web/uploads/produk/1616821679644272.jpg',	'2023-03-24 07:51:12',	NULL),
(64,	19,	'web/uploads/produk/2755851679644272.jpg',	'2023-03-24 07:51:12',	NULL),
(65,	20,	'web/uploads/produk/3937811679644386.jpg',	'2023-03-24 07:53:06',	NULL),
(66,	20,	'web/uploads/produk/9691391679644386.jpg',	'2023-03-24 07:53:06',	NULL),
(67,	20,	'web/uploads/produk/9273891679644386.jpg',	'2023-03-24 07:53:06',	NULL);

DROP TABLE IF EXISTS `tbl_produk_kategori`;
CREATE TABLE `tbl_produk_kategori` (
  `id` int NOT NULL AUTO_INCREMENT,
  `kategori` varchar(255) DEFAULT NULL,
  `tanggal` timestamp NULL DEFAULT CURRENT_TIMESTAMP ON UPDATE CURRENT_TIMESTAMP,
  `order` int DEFAULT NULL,
  PRIMARY KEY (`id`)
) ENGINE=InnoDB DEFAULT CHARSET=utf8mb4 COLLATE=utf8mb4_0900_ai_ci;

INSERT INTO `tbl_produk_kategori` (`id`, `kategori`, `tanggal`, `order`) VALUES
(1,	'Cleansers',	'2023-03-25 01:01:40',	1),
(2,	'Toners',	'2023-03-24 03:49:15',	2),
(3,	'Serums',	'2023-03-24 03:49:16',	3),
(4,	'Creams',	'2023-03-24 03:49:17',	4),
(5,	'Sun Care',	'2023-03-24 03:49:19',	5);

DROP TABLE IF EXISTS `tbl_produk_layanan`;
CREATE TABLE `tbl_produk_layanan` (
  `id` int NOT NULL AUTO_INCREMENT,
  `name` varchar(255) DEFAULT NULL,
  `tanggal` datetime DEFAULT NULL,
  `order` int DEFAULT NULL,
  PRIMARY KEY (`id`)
) ENGINE=InnoDB DEFAULT CHARSET=utf8mb4 COLLATE=utf8mb4_0900_ai_ci;

INSERT INTO `tbl_produk_layanan` (`id`, `name`, `tanggal`, `order`) VALUES
(1,	'Moisturizing & Soothing Care',	NULL,	1),
(2,	'Sensitive & Trouble Skin Care',	NULL,	2),
(3,	'Brightening Care',	NULL,	3),
(4,	'Anti-Aging Care',	NULL,	4);

DROP TABLE IF EXISTS `tbl_produk_packages`;
CREATE TABLE `tbl_produk_packages` (
  `id` int NOT NULL AUTO_INCREMENT,
  `id_produk` varchar(255) CHARACTER SET utf8mb4 COLLATE utf8mb4_general_ci DEFAULT NULL COMMENT 'bisa lebih dari 1 kategori',
  `name` varchar(255) CHARACTER SET utf8mb4 COLLATE utf8mb4_general_ci DEFAULT NULL,
  `label` varchar(255) CHARACTER SET utf8mb4 COLLATE utf8mb4_general_ci DEFAULT NULL,
  `description` longtext CHARACTER SET utf8mb4 COLLATE utf8mb4_general_ci,
  `cara_penggunaan` longtext CHARACTER SET utf8mb4 COLLATE utf8mb4_general_ci,
  `kandungan` longtext CHARACTER SET utf8mb4 COLLATE utf8mb4_general_ci,
  `name_en` varchar(255) CHARACTER SET utf8mb4 COLLATE utf8mb4_general_ci DEFAULT NULL,
  `label_en` varchar(255) CHARACTER SET utf8mb4 COLLATE utf8mb4_general_ci DEFAULT NULL,
  `description_en` longtext CHARACTER SET utf8mb4 COLLATE utf8mb4_general_ci,
  `cara_penggunaan_en` longtext CHARACTER SET utf8mb4 COLLATE utf8mb4_general_ci,
  `kandungan_en` longtext CHARACTER SET utf8mb4 COLLATE utf8mb4_general_ci,
  `image` varchar(255) CHARACTER SET utf8mb4 COLLATE utf8mb4_general_ci DEFAULT 'web/img/broken-image.jpg',
  `mechine` varchar(255) CHARACTER SET utf8mb4 COLLATE utf8mb4_general_ci DEFAULT NULL,
  `chemical` varchar(255) CHARACTER SET utf8mb4 COLLATE utf8mb4_general_ci DEFAULT NULL,
  `order` int DEFAULT NULL,
  `price` decimal(10,2) DEFAULT NULL,
  `time` timestamp NULL DEFAULT CURRENT_TIMESTAMP ON UPDATE CURRENT_TIMESTAMP,
  `status` int DEFAULT '0',
  `status_diskon` int DEFAULT '0',
  `diskon` int DEFAULT NULL,
  `ranting` text CHARACTER SET utf8mb4 COLLATE utf8mb4_general_ci,
  `slug` varchar(255) CHARACTER SET utf8mb4 COLLATE utf8mb4_general_ci DEFAULT NULL,
  PRIMARY KEY (`id`)
) ENGINE=InnoDB DEFAULT CHARSET=utf8mb4 COLLATE=utf8mb4_general_ci;


DROP TABLE IF EXISTS `user`;
CREATE TABLE `user` (
  `id` int NOT NULL AUTO_INCREMENT,
  `username` varchar(32) CHARACTER SET utf8 COLLATE utf8_unicode_ci NOT NULL,
  `auth_key` varchar(32) CHARACTER SET utf8 COLLATE utf8_unicode_ci NOT NULL,
  `password_hash` varchar(255) CHARACTER SET utf8 COLLATE utf8_unicode_ci NOT NULL,
  `password_reset_token` varchar(255) CHARACTER SET utf8 COLLATE utf8_unicode_ci DEFAULT NULL,
  `email` varchar(255) CHARACTER SET utf8 COLLATE utf8_unicode_ci NOT NULL,
  `status` smallint NOT NULL DEFAULT '10',
  `created_at` int NOT NULL,
  `updated_at` int NOT NULL,
  `nama` char(255) CHARACTER SET utf8 COLLATE utf8_unicode_ci NOT NULL,
  `foto` text CHARACTER SET utf8 COLLATE utf8_unicode_ci NOT NULL,
  `role` char(255) CHARACTER SET utf8 COLLATE utf8_unicode_ci NOT NULL,
  `password_cadangan` varchar(255) CHARACTER SET utf8 COLLATE utf8_unicode_ci DEFAULT NULL,
  `authorized` int DEFAULT '0',
  PRIMARY KEY (`id`)
) ENGINE=InnoDB DEFAULT CHARSET=utf8mb3 COLLATE=utf8_unicode_ci;

INSERT INTO `user` (`id`, `username`, `auth_key`, `password_hash`, `password_reset_token`, `email`, `status`, `created_at`, `updated_at`, `nama`, `foto`, `role`, `password_cadangan`, `authorized`) VALUES
(1,	'digidoc_dev',	'ULDlgZZmGsX5IuOpJQ5Gwn-eQ1GQdiub',	'$2y$13$JpQBj9RUHwGNJq8AnYNPT.DfWlx4CSxlrklyS0fXPRVaUoWiY8e.a',	NULL,	'developer@email.com',	10,	1652151014,	1652151014,	'Digidoc Developer',	'',	'Developer',	NULL,	0);

-- 2023-04-13 08:39:56
